Manufacturer,Manufacturer Part Number,Quantity,DigiKey Stock,Mouser Stock,Total Stock
Allegro MicroSystems,ACS724LLCTR-05AU-T,250,,0,0
Analog Devices,AD8040ARZ-REEL7,50,1918,1195,3113
Analog Devices,LTC6900IS5#TRPBF,150,6952,4664,11616
Analog Devices,MAX17634CATP+,25,967,1735,2702
Analog Devices,TMC5130A-TA,150,14267,1719,15986
Diodes,AL5809-20P1-7,75,,0,0
Infineon,ITS4141NHUMA1,125,39336,8704,48040
IXYS,CPC1916Y,2000,941,37,978
Kingbright,APA3010F3C-GX,300,241449,20021,261470
Kingbright,APA3010P3BT-GX,300,289502,0,289502
Littelfuse,0154.500DRT,50,8212,11228,19440
Littelfuse,0154001.DR,100,27511,38681,66192
Littelfuse,0154002.DR,25,34166,27277,61443
Littelfuse,0154004.DR,600,13179,25319,38498
Littelfuse,015406.3DR,25,15780,4944,20724
Microchip,MCP6004-I/ST,250,2543,7585,10128
Microchip,MIC2005A-1YM5-TR,500,61553,0,61553
Nexperia,"74LVC1G14GV,125",200,972,0,972
onsemi,SMS05T1G,1000,41368,511,41879
onsemi,SMS24T1G,25,6049,2106,8155
Phoenix Contact,2961192,25,1106,2830,3936
Recom Power,R-7312P,25,39,15,54
Renesas,PS2911-1-F3-AX,2000,,0,0
Same Sky,CMI-1295-24TH,25,677,1240,1917
STMicroelectronics,LD39050PU33R,100,11738,32849,44587
STMicroelectronics,STM32U575ZIT6,100,2271,536,2807
Texas Instruments,AM26C32QDR,500,5278,9035,14313
Texas Instruments,CD40109BPWR,50,48085,1275,49360
Texas Instruments,DRV8256ERGER,75,7793,3824,11617
Texas Instruments,HDC3022DEJR,175,,0,0
Texas Instruments,LMR36015BRNXR,150,2209,1010,3219
Texas Instruments,LMV358MX/NOPB,500,252,608,860
Texas Instruments,NE555DR,50,202677,89338,292015
Texas Instruments,PCA9306DCTT,250,3543,767,4310
Texas Instruments,PCA9555PWR,250,10094,2218,12312
Texas Instruments,SN74LVC2G02DCUT,250,19601,3059,22660
Texas Instruments,TLA2528IRTER,75,1696,0,1696
TI,THVD1406DR,25,8290,127,8417
TI National Semiconductor,LM2678SD-5.0/NOPB,50,516,303,819
Trinamic,TMC5130A-TA,275,14267,1719,15986
Vishay Lite-On,LTST-C930KGKT,750,347067,144570,491637
